<?xml version="1.0" encoding="UTF-8"?>
<intermediate_model xmlns:xsi="http://www.w3.org/2001/XMLSchema-instance" method="CONFIG">
 <creation_time time="Nov 11, 2021 17:58"/>
 <network_model>
  <network name="Any" number="0.0.0.0" mask="0.0.0.0"/>
  <asset assetname="22222-KSH NMZ" type="Firewall" ip_forwarding="true" os="ContinentOS 3.9">
   <interface name="em2" type="Ethernet" ip_address="10.0.189.44" ip_mask="255.255.255.0" zone="External"/>
   <routing_rule destination="10.0.189.44/24" gateway="0.0.0.0"/>
   <routing_rule destination="0.0.0.0/0" gateway="10.0.189.1"/>
   <access_rule id="2" source_obj="Any" destination_obj="Any" action="Deny"/>
   <address_object name="Any" ip_ranges="0.0.0.0/0"/>
  </asset>
 </network_model>
</intermediate_model>
